name,count,gender
Marie,94,w
Sophie,79,w
Maria,69,w
Elias,69,m
Noah,57,m
Alexander,57,m
Ben,53,m
Leon,52,m
Sophia,50,w
Emilia,48,w
Maximilian,48,m
Mia,42,w
Emma,41,w
Mila,41,w
Paul,40,m
Felix,40,m
Lina,39,w
Charlotte,38,w
Emil,38,m
Lena,36,w
Johanna,36,w
Emily,35,w
Luca,35,m
Jan,35,m
Leonard,33,m
Jonas,32,m
Anna,32,w
Liam,31,m
Louis,30,m
David,29,m
Henri,28,m
Jonathan,28,m
Milan,27,m
Lukas,26,m
Luis,26,m
Mohamed,25,m
Samuel,24,m
Julian,24,m
Hamza,24,m
Marlene,23,w
Luise,23,w
Hannah,23,w
Ali,22,m
Adam,22,m
Max,22,m
Luisa,22,w
Lotta,22,w
Katharina,22,w
Greta,21,w
Lara,21,w
Leonie,21,w
Tom,20,m
Amelie,20,w
Ida,20,w
Lea,20,w
Leni,20,w
Nele,20,w
Finn,20,m
Jakob,20,m
Alessio,19,m
Michael,19,m
Elisabeth,19,w
Leo,19,m
Sara,19,w
Omar,19,m
Theo,19,m
Mohammad,18,m
Sofia,18,w
Moritz,17,m
Clara,17,w
Elisa,17,w
Phil,17,m
Philipp,17,m
Mohammed,17,m
Julius,17,m
Daniel,17,m
Anton,17,m
Malik,16,m
Henry,16,m
Gabriel,16,m
Erik,16,m
Amir,16,m
Mira,16,w
Hanna,16,w
Joel,16,m
Vincent,15,m
Josephine,15,w
Maya,15,w
Nur,15,w
Romy,15,w
Matteo,15,m
Fabian,15,m
Elif,14,w
Helena,14,w
Julia,14,w
Matilda,14,w
Oskar,14,m
Mats,14,m
Fynn,14,m
Mathilda,14,w
Niklas,13,m
Ella,13,w
Frieda,13,w
Laura,13,w
Mara,13,w
Victoria,13,w
Tim,13,m
Karl,13,m
Ibrahim,13,m
Johannes,13,m
Amira,12,w
Lilly,12,w
Louisa,12,w
Melina,12,w
Pauline,12,w
Mustafa,12,m
Benjamin,12,m
Nick,12,m
Valentin,12,m
Oliver,12,m
Yasin,12,m
Emir,12,m
Henrik,12,m
Ilyas,12,m
Mika,12,m
Adrian,11,m
Ahmad,11,m
Amin,11,m
Jayden,11,m
Justus,11,m
Linus,11,m
Luke,11,m
Theodor,11,m
Till,11,m
Damian,11,m
Valentina,11,w
Mariam,11,w
Jana,11,w
Fiona,11,w
Alexandra,11,w
Benedikt,10,m
Viktoria,10,w
Jasmin,10,w
Lisa,10,w
Paula,10,w
Zoey,10,w
Emanuel,10,m
Robin,10,m
Isabella,10,w
Noel,10,m
Maxim,10,m
Marlon,10,m
Joshua,10,m
Florian,10,m
Andreas,10,m
Antonia,10,w
Isabel,9,w
Frida,9,w
Dean,9,m
Bruno,9,m
Josefine,9,w
Muhammed,9,m
Sam,9,m
Sebastian,9,m
Matthias,9,m
Levin,9,m
Franziska,9,w
Carla,9,w
Amina,9,w
Amelia,9,w
Sarah,9,w
Medina,9,w
Lia,9,w
John,8,m
Hannes,8,m
Friedrich,8,m
Emilio,8,m
Aras,8,m
Abdullah,8,m
Aaron,8,m
Georg,8,m
Martin,8,m
Defne,8,w
Helen,8,w
Alessia,8,w
Amalia,8,w
Aylin,8,w
Diana,8,w
Ela,8,w
Eva,8,w
Elena,8,w
Karla,8,w
Lotte,8,w
Lucia,8,w
Meryem,8,w
Rosalie,8,w
Zoe,8,w
Liv,7,w
Elin,7,w
Helene,7,w
Isabell,7,w
Klara,7,w
Theresa,7,w
Luana,7,w
Maja,7,w
Malak,7,w
Mina,7,w
Lio,7,m
Selin,7,w
Lian,7,m
Jason,7,m
Anastasia,7,w
Nathan,7,m
Robert,7,m
Sami,7,m
Timo,7,m
Yusuf,7,m
Ömer,7,m
Jamie,7,m
Aurelia,7,w
Ian,7,m
Hugo,7,m
Eymen,7,m
Constantin,7,m
Christian,7,m
Carl,7,m
Can,7,m
Yiğit,6,m
Joleen,6,w
Melissa,6,w
Martha,6,w
Marleen,6,w
Marina,6,w
Luna,6,w
Lucy,6,w
Jule,6,w
Alina,6,w
Florentine,6,w
Elise,6,w
Annika,6,w
Nora,6,w
Jacob,6,m
Ferdinand,6,m
Elyas,6,m
Antonio,6,m
Ahmed,6,m
Milena,6,w
Paulina,6,w
Simon,6,m
Lennox,6,m
Rayan,6,m
Raphael,6,m
Peter,6,m
Mohamad,6,m
Milian,6,m
Mattis,6,m
Luan,6,m
Lias,6,m
Levi,6,m
Lenny,6,m
Lennard,6,m
Pia,6,w
Lasse,6,m
Konstantin,6,m
Khaled,6,m
Kevin,6,m
Josef,6,m
Johann,6,m
Jamal,6,m
Vanessa,6,w
Stella,6,w
Sofie,6,w
Yasmin,6,w
Ada,5,w
Aleyna,5,w
Josua,5,m
Tilda,5,w
Veronika,5,w
Zeynep,5,w
Bjarne,5,m
Ensar,5,m
Gustav,5,m
Hasan,5,m
Hassan,5,m
Hendrik,5,m
Issa,5,m
Amilia,5,w
James,5,m
Joris,5,m
Kian,5,m
Rose,5,w
Kilian,5,m
Lennart,5,m
Leonardo,5,m
Lionel,5,m
Luka,5,m
Marcel,5,m
Milad,5,m
Muhammad,5,m
Nikolas,5,m
Richard,5,m
Selim,5,m
Taha,5,m
Wilhelm,5,m
Soraya,5,w
Rosa,5,w
Hira,5,w
Olivia,5,w
Annabella,5,w
Aurora,5,w
Ayla,5,w
Carlotta,5,w
Carolin,5,w
Dana,5,w
Elina,5,w
Emelie,5,w
Eslem,5,w
Esma,5,w
Estelle,5,w
Fatima,5,w
Finja,5,w
Grace,5,w
Youssef,5,m
Julie,5,w
Kristin,5,w
Leona,5,w
Liah,5,w
Lilian,5,w
Lilli,5,w
Linda,5,w
Louise,5,w
Magdalena,5,w
Maryam,5,w
Mayla,5,w
Miray,5,w
Nila,5,w
Nour,5,w
Nina,4,w
Elissa,4,w
Naomi,4,w
Mona,4,w
Alena,4,w
Alisa,4,w
Alma,4,w
Amy,4,w
Angelina,4,w
Celin,4,w
Christine,4,w
Esila,4,w
Estera,4,w
Flora,4,w
Hermine,4,w
Hiranur,4,w
Jamila,4,w
Jonna,4,w
Joyce,4,w
Juna,4,w
Karlotta,4,w
Leandra,4,w
Liya,4,w
Liyana,4,w
Marta,4,w
Melek,4,w
Melody,4,w
Leyla,4,w
Rayan,4,w
Safiya,4,w
Maria,4,m
Miraç,4,m
Milo,4,m
Mikail,4,m
Mert,4,m
Mehdi,4,m
Mathis,4,m
Manuel,4,m
Jona,4,m
Mahmoud,4,m
Lucas,4,m
Lounis,4,m
Leonhard,4,m
Klaus,4,m
Karim,4,m
Muhamed,4,m
Nico,4,m
Nicolas,4,m
Nikita,4,m
Nikodem,4,m
Nils,4,m
Ronja,4,w
Patrick,4,m
Philip,4,m
Samir,4,m
Silas,4,m
Taim,4,m
Thilo,4,m
Tobias,4,m
Tyler,4,m
Yassin,4,m
Samantha,4,w
Jonte,4,m
Jonah,4,m
Johan,4,m
Zeinab,4,w
Bennet,4,m
Benedict,4,m
Azad,4,m
Arian,4,m
Alessandro,4,m
Alan,4,m
Zara,4,w
Carlo,4,m
Yaren,4,w
Vivien,4,w
Tasnim,4,w
Tamara,4,w
Sidra,4,w
Selina,4,w
Bilal,4,m
Bennett,4,m
Carlos,4,m
Frederik,4,m
Jasper,4,m
Jano,4,m
Jannis,4,m
Ismail,4,m
Imran,4,m
Fritz,4,m
Hüseyin,4,m
Filip,4,m
Eric,4,m
Eren,4,m
Elijah,4,m
Deniz,4,m
Collin,4,m
Theodora,3,w
Zahra,3,w
Yara,3,w
Valeria,3,w
Ulrike,3,w
Samira,3,w
Tessa,3,w
Catharina,3,w
Giuliana,3,w
Giulia,3,w
Gabriela,3,w
Felicitas,3,w
Faith,3,w
Enna,3,w
Emilie,3,w
Elona,3,w
Ellen,3,w
Elaine,3,w
Daria,3,w
Claudia,3,w
Christina,3,w
Bella,3,w
Hana,3,w
Azra,3,w
Aya,3,w
Ava,3,w
Ashley,3,w
Anouk,3,w
Annabell,3,w
Anissa,3,w
Ana,3,w
Aliya,3,w
Alicia,3,w
Alexa,3,w
Aisha,3,w
Aicha,3,w
Gülcan,3,w
Hayat,3,w
Talia,3,w
Lorena,3,w
Svea,3,w
Smilla,3,w
Sare,3,w
Rita,3,w
Princess,3,w
Miriam,3,w
Mia-Sophie,3,w
Melisa,3,w
Mathilde,3,w
Mariella,3,w
Marieke,3,w
Madita,3,w
Lorin,3,w
Loreen,3,w
Henriette,3,w
Liliana,3,w
Leonora,3,w
Layan,3,w
Lavin,3,w
Lana,3,w
Lamar,3,w
Klea,3,w
Karin,3,w
Josie,3,w
Jolie,3,w
Jane,3,w
Isabelle,3,w
Iman,3,w
Madeleine,3,w
Zaid,3,m
Fadi,3,m
Heinrich,3,m
Emmanuel,3,m
Yussef,3,m
Fiete,3,m
Franciszek,3,m
Franz,3,m
Gerhard,3,m
Gregor,3,m
Henning,3,m
Eliah,3,m
Ilija,3,m
Isa,3,m
Janne,3,m
Jannik,3,m
Jaron,3,m
Joachim,3,m
Kerim,3,m
Elvin,3,m
Dominik,3,m
Konrad,3,m
Batuhan,3,m
Akram,3,m
Al,3,m
Aldin,3,m
Alex,3,m
Alexandro,3,m
André,3,m
Arthur,3,m
Benno,3,m
Dion,3,m
Bosse,3,m
Cem,3,m
Christoph,3,m
Christopher,3,m
Colin,3,m
Dennis,3,m
Devin,3,m
Kirill,3,m
Ismael,3,m
Leandro,3,m
Piet,3,m
Rafael,3,m
Ragnar,3,m
Roni,3,m
Shane,3,m
Stefan,3,m
Leonidas,3,m
Thomas,3,m
Thorsten,3,m
Toni,3,m
Viktor,3,m
Walid,3,m
Werner,3,m
Willem,3,m
William,3,m
Wolf,3,m
Yahya,3,m
Yassir,3,m
Prince,3,m
Taylor,3,m
Pascal,3,m
Mehmet,3,m
Nuri,3,m
Lino,3,m
Magnus,3,m
Marc,3,m
Mario,3,m
Mark,3,m
Markus,3,m
Leopold,3,m
Michel,3,m
Miran,3,m
Mirhat,3,m
Naser,3,m
Neo,3,m
Nikolai,3,m
Mick,3,m
Aysima,2,w
Arin,2,w
Arjona,2,w
Arîn,2,w
Asena,2,w
Asya,2,w
Avesta,2,w
Aynur,2,w
Barbara,2,w
Bahar,2,w
Banu,2,w
Berfin,2,w
Beritan,2,w
Carina,2,w
Caroline,2,w
Anni,2,w
Aria,2,w
Celine,2,w
Anneli,2,w
Anne,2,w
Aaliyah,2,w
Adriana,2,w
Aischa,2,w
Alin,2,w
Alissa,2,w
Aliyah,2,w
Amar,2,w
Amara,2,w
Amela,2,w
Amely,2,w
Ananya,2,w
Andrea,2,w
Angel,2,w
Anh,2,w
Anita,2,w
Cassandra,2,w
Charlize,2,w
Justin,2,m
Minh,2,m
Mahmud,2,m
Malek,2,m
Marcus,2,m
Marios,2,m
Marley,2,m
Mason,2,m
Maurice,2,m
Mirko,2,m
Niclas,2,m
Moses,2,m
Moussa,2,m
Musa,2,m
Mussa,2,m
Mustapha,2,m
Nabil,2,m
Nali,2,m
Lorik,2,m
Logan,2,m
Lewis,2,m
Levent,2,m
Kaan,2,m
Kadir,2,m
Kai,2,m
Kalle,2,m
Kamil,2,m
Keanu,2,m
Kerem,2,m
Kiyan,2,m
Knut,2,m
Lars,2,m
Laurenz,2,m
Laurin,2,m
Lazar,2,m
Leander,2,m
Len,2,m
Nicklas,2,m
Nino,2,m
Joschua,2,m
Taylan,2,m
Salih,2,m
Salman,2,m
Santos,2,m
Simeon,2,m
Solomon,2,m
Süleyman,2,m
Tarek,2,m
Tilman,2,m
Nolan,2,m
Toprak,2,m
Travis,2,m
Tristan,2,m
Umut,2,m
Walter,2,m
Wassim,2,m
Yakup,2,m
Saleh,2,m
Saif,2,m
Said,2,m
Romeo,2,m
Nour,2,m
Noé,2,m
Ole,2,m
Oliwier,2,m
Osman,2,m
Owusu,2,m
Patryk,2,m
Pavel,2,m
Pepe,2,m
Phillip,2,m
Poyraz,2,m
Rahim,2,m
Riccardo,2,m
Rolf,2,m
Roman,2,m
Joseph,2,m
Jim,2,m
Younes,2,m
Charles,2,m
Aziz,2,m
Benyamin,2,m
Berat,2,m
Berkay,2,m
Branko,2,m
Bryan,2,m
Cemal,2,m
Chisom,2,m
Diego,2,m
Chris,2,m
Claas,2,m
Clemens,2,m
Damon,2,m
Dawid,2,m
Dejan,2,m
Denis,2,m
Ayoub,2,m
Atilla,2,m
Arya,2,m
Aron,2,m
Adem,2,m
Charlotta,2,w
Ahmet,2,m
Aisen,2,m
Akif,2,m
Amadou,2,m
Amanuel,2,m
Amar,2,m
Amasi,2,m
Anas,2,m
Andrzej,2,m
Andy,2,m
Angelo,2,m
Arda,2,m
Arif,2,m
Diamond,2,m
Divine,2,m
Jeremy,2,m
Ilias,2,m
Hadis,2,m
Hamsa,2,m
Hans,2,m
Haroun,2,m
Heinz-Günter,2,m
Hubert,2,m
Hussein,2,m
Imad,2,m
Eddine,2,m
Ioannis,2,m
Jad,2,m
Jamil,2,m
Jannes,2,m
Jasin,2,m
Jay,2,m
Jean,2,m
Giorgio,2,m
Francis,2,m
Francesco,2,m
Floris,2,m
Ediz,2,m
Eduard,2,m
Edward,2,m
Elan,2,m
Elian,2,m
Eliyas,2,m
Elvis,2,m
Emilian,2,m
Emin,2,m
Enes,2,m
Enrique,2,m
Erfan,2,m
Fares,2,m
Fenris,2,m
Finnley,2,m
Yigit,2,m
Noa,2,m
Yousef,2,m
Jannat,2,w
Joline,2,w
Jinan,2,w
Jill,2,w
Jessica,2,w
Jasmina,2,w
Jara,2,w
Janne,2,w
Irma,2,w
Joy,2,w
Irene,2,w
Ioanna,2,w
Inge,2,w
Ines,2,w
Ina,2,w
Hillary,2,w
Yusuf-Eren,2,m
Josephin,2,w
Juli,2,w
Madleen,2,w
Larissa,2,w
Livia,2,w
Linnea,2,w
Lilia,2,w
Lijana,2,w
Liana,2,w
Levana,2,w
Leia,2,w
Laia,2,w
Juliane,2,w
Kira,2,w
Kim,2,w
Kiara,2,w
Kerstin,2,w
Kate,2,w
Katarina,2,w
Justine,2,w
Hidaya,2,w
Hiba,2,w
Helin,2,w
Edith,2,w
Elmedina,2,w
Ellie,2,w
Elli,2,w
Elizabeth,2,w
Eliza,2,w
Elisia,2,w
Eileen,2,w
Eda,2,w
Hazal,2,w
Diane,2,w
Delina,2,w
Davina,2,w
Cima,2,w
Christin,2,w
Chioma,2,w
Chiara,2,w
Emely,2,w
Emina,2,w
Emine,2,w
Emmi,2,w
Havin,2,w
Halima,2,w
Gabriella,2,w
Friederike,2,w
Freya,2,w
Fatma,2,w
Fadia,2,w
Fabienne,2,w
Ewa,2,w
Eveline,2,w
Eve,2,w
Erona,2,w
Enya,2,w
Enisa,2,w
Emmy,2,w
Lola,2,w
Hilal,2,w
Mai,2,w
Teresa,2,w
Tabea,2,w
Susanne,2,w
Sultan,2,w
Sina,2,w
Sila,2,w
Shirin,2,w
Sharon,2,w
Shanaya,2,w
Selma,2,w
Samia,2,w
Rüya,2,w
Ruth,2,w
Rukaya,2,w
Rima,2,w
Rim,2,w
Tala,2,w
Thea,2,w
Ramona,2,w
Tilly,2,w
Zuzanna,2,w
Zoé,2,w
Zoubeida,2,w
Zofia,2,w
Ziva,2,w
Zeyneb,2,w
Zainab,2,w
Zahraa,2,w
Yasmine,2,w
Wilma,2,w
Weronika,2,w
Viyan,2,w
Vian,2,w
Veselinova,2,w
Valerie,2,w
Rebecca,2,w
Züleyha,2,w
Rachel,2,w
Marlen,2,w
Merle,2,w
Mei,2,w
Mayssa,2,w
Maylin,2,w
Maxime,2,w
Maxima,2,w
Marlena,2,w
Margarethe,2,w
Milia,2,w
Margarete,2,w
Manuela,2,w
Malin,2,w
Malia,2,w
Malaak,2,w
Maila,2,w
Rabia,2,w
Michelle,2,w
Matea,2,w
Minna,2,w
Nermin,2,w
Monika,2,w
Philippa,2,w
Ophelia,2,w
Noée,2,w
Nova,2,w
Noemi,2,w
Nicole,2,w
Noura,2,w
Nelly,2,w
Naz,2,w
Naya,2,w
Nana,2,w
Naima,2,w
Nadia,2,w
Cheyenne,1,w
Choa,1,w
Cleo,1,w
Clarissa,1,w
Claire,1,w
Ciara,1,w
Cia,1,w
Christa,1,w
Chiamaka,1,w
Chloé,1,w
Chizitere,1,w
Chizaram,1,w
Chiyem,1,w
Chindimna,1,w
Chilan,1,w
Chidinma,1,w
Colombiana,1,w
Cloé,1,w
Delia-Rahela,1,w
Coral,1,w
Dania,1,w
Delight,1,w
Chayenna,1,w
Delia,1,w
Delali,1,w
Darina,1,w
Dariia,1,w
Daniya,1,w
Damla-Su,1,w
Cornelia,1,w
Damilola,1,w
Dalia,1,w
Dahlia,1,w
Daadom,1,w
Cyra,1,w
Cristiana,1,w
Cosma,1,w
Chayma,1,w
Cara,1,w
Charoula,1,w
Beverley-Maliha,1,w
Bozena,1,w
Borisova,1,w
Boachie,1,w
Bita,1,w
Birgit,1,w
Bianka,1,w
Beyza,1,w
Bernice,1,w
Charlie,1,w
Bergin,1,w
Beren,1,w
Bera,1,w
Benisha,1,w
Benafsha,1,w
Bemah,1,w
Denisa,1,w
Brooklyn,1,w
Buğlem,1,w
Cansel,1,w
Cansu,1,w
Charlee-Stefanie,1,w
Chantal,1,w
Chanem,1,w
Chanel,1,w
Champagne,1,w
Chadiga,1,w
Ceyda,1,w
Caty,1,w
Catherine,1,w
Caterina,1,w
Catalina,1,w
Cataleya,1,w
Catalea,1,w
Carolina,1,w
Carla-Evelina,1,w
Della,1,w
Enno,1,w
Denise,1,w
Elisa-Sophie,1,w
Ellanora,1,w
Elke,1,w
Elizan,1,w
Eliz,1,w
Elisha,1,w
Elisaweta,1,w
Elisabeta,1,w
Elies,1,w
Elaf,1,w
Eleonora,1,w
Eleni-Sophie,1,w
Eleni,1,w
Elena-Viktoria,1,w
Elen,1,w
Eleane,1,w
Elanur,1,w
Elliana,1,w
Ellina,1,w
Elma,1,w
Elmira,1,w
Bedia,1,w
Engozeh,1,w
Emma-Sophie,1,w
Emilova,1,w
Emilia-Sophie,1,w
Emilia-Marie,1,w
Emignonne,1,w
Emese,1,w
Emanuela,1,w
Emanuel,1,w
Ema-Vanesa,1,w
Ema,1,w
Eléna,1,w
Elsona,1,w
Elpida,1,w
Elana,1,w
Ekaterina,1,w
Denisovna,1,w
Dina,1,w
Doha,1,w
Dmitrievna,1,w
Djoena,1,w
Djamila,1,w
Divine,1,w
Diora,1,w
Dionora,1,w
Dilovan,1,w
Eflin,1,w
Dilara-Esra,1,w
Dilara,1,w
Dilan,1,w
Diaraye,1,w
Diala,1,w
Derya,1,w
Derin,1,w
Donia,1,w
Donika,1,w
Dora,1,w
Dorcas,1,w
Edinam,1,w
Edda,1,w
Ecrin,1,w
Ecren-Nisa,1,w
Ece,1,w
Dunja,1,w
Dunia,1,w
Dulciamaris,1,w
Duena,1,w
Dua,1,w
Drena,1,w
Dorothee,1,w
Dorit,1,w
Doris,1,w
Dorinda,1,w
Belen,1,w
Abigaela-Sylvia,1,w
Beba,1,w
Alina-Nour,1,w
Alva,1,w
Almina,1,w
Allegra,1,w
Aliza,1,w
Alissia,1,w
Alisia,1,w
Alisha,1,w
Alida,1,w
Alessa,1,w
Alicia-Luisa,1,w
Alice,1,w
Alica,1,w
Alexia,1,w
Alexandrovna,1,w
Alexandra-Miruna,1,w
Alexandra-Maria,1,w
Alya,1,w
Alzahra,1,w
Ama,1,w
Amal,1,w
Anahita,1,w
Anabella,1,w
Anabela,1,w
Ana-Maria,1,w
Amisha,1,w
Aminata,1,w
Aminah,1,w
Amillia,1,w
Amena,1,w
Ameline,1,w
Ameley,1,w
Amaya,1,w
Amaryllis,1,w
Amanda,1,w
Amana,1,w
Alessya,1,w
Alesija,1,w
Beatrice-Damaris,1,w
Adilenny,1,w
Afrona,1,w
Afra,1,w
Afia,1,w
Aeris,1,w
Aemilia,1,w
Aela,1,w
Adjovi,1,w
Adepa,1,w
Aleksija,1,w
Adelina,1,w
Adele,1,w
Adela,1,w
Adel,1,w
Aceyla,1,w
Abrar,1,w
Abigail,1,w
Aibekovna,1,w
Aida,1,w
Aila,1,w
Ailing,1,w
Aleksandra,1,w
Aleana,1,w
Alea,1,w
Aldijana,1,w
Alba,1,w
Alara,1,w
Alae,1,w
Akshara,1,w
Akiza,1,w
Akhtar,1,w
Ajsa,1,w
Ajna,1,w
Aissatou,1,w
Aina,1,w
Aimuaemwenosa,1,w
Anais,1,w
Anaïs,1,w
Andra-Raisa,1,w
Asra,1,w
Awa,1,w
Avery,1,w
Aveline,1,w
Atusa,1,w
Athanassia,1,w
Astera,1,w
Assiya,1,w
Asmin,1,w
Andreea-Timeea,1,w
Asiba,1,w
Ashanti,1,w
Asenova,1,w
Asel,1,w
Aryana,1,w
Arya,1,w
Arwa,1,w
Awatef,1,w
Aydina,1,w
Ayla-Elif,1,w
Ayla-Elin,1,w
Beatrice,1,w
Beata,1,w
Baschira,1,w
Barin,1,w
Balbina,1,w
Bajramsa,1,w
Aïcha,1,w
Açelya,1,w
Azhar,1,w
Ayşegül,1,w
Ayvie,1,w
Aysu,1,w
Ayse,1,w
Aymira,1,w
Ayleen,1,w
Arusi,1,w
Artina,1,w
Arsilda,1,w
Anne-Sophie,1,w
Annalena,1,w
Annalee,1,w
Annabelle,1,w
Anna-Maria,1,w
Anisa,1,w
Anhar,1,w
Angelova,1,w
Angelika,1,w
Angela,1,w
Ange,1,w
Anessa,1,w
Anesa,1,w
Anelisse,1,w
Aneesah,1,w
Andriivna,1,w
Annasophia,1,w
Annelie,1,w
Arshida,1,w
Anneliese,1,w
Arina,1,w
Arijona,1,w
Arifee,1,w
Ariel,1,w
Arianna,1,w
Ariana,1,w
Areghan,1,w
Appiah,1,w
Aodelea,1,w
Anuya,1,w
Antje,1,w
Anoh,1,w
Annmarie,1,w
Annemarie,1,w
Annelotte,1,w
Enjeck,1,w
Lava,1,w
Erika,1,w
Niusha,1,w
Ourania,1,w
Palina,1,w
Pascal,1,w
Patience,1,w
Patimat,1,w
Patrißia,1,w
Pelin,1,w
Philine,1,w
Pia-Luana,1,w
Pina,1,w
Pinelopi,1,w
Polina,1,w
Pretty,1,w
Princilia,1,w
Prisha,1,w
Progress,1,w
Purity,1,w
Rada,1,w
Radia,1,w
Rahel,1,w
Rahela,1,w
Ouassila,1,w
Osedebamen,1,w
Osayuwame,1,w
Ofure,1,w
Niyat,1,w
Nkoni,1,w
Noor,1,w
Norseen,1,w
Noémi,1,w
Nursima,1,w
Ny,1,w
Océane,1,w
Odilie,1,w
Oluwadamilola,1,w
Osayuki,1,w
Oluwadamisi,1,w
Oluwakemi,1,w
Omose,1,w
Orestina,1,w
Osakiemwoya,1,w
Osaretin,1,w
Osariemen,1,w
Osarugue,1,w
Osasere,1,w
Rahil,1,w
Raihana,1,w
Rama,1,w
Ruoyan,1,w
Roshna,1,w
Rosi,1,w
Rosie,1,w
Roya,1,w
Roza,1,w
Ruby,1,w
Ruiyi,1,w
Rumeysa,1,w
Ruo,1,w
Rym,1,w
Ros,1,w
Saahba,1,w
Sabah,1,w
Sabine,1,w
Sadem,1,w
Safira,1,w
Safoah,1,w
Sahar,1,w
Sahra,1,w
Sainab,1,w
Roselin,1,w
Ronia,1,w
Rameesha,1,w
Rey,1,w
Ramsiye,1,w
Ramya,1,w
Rana,1,w
Raninn,1,w
Rassil,1,w
Rayana,1,w
Rebekka,1,w
Refija,1,w
Regina,1,w
Reyhan,1,w
Rona,1,w
Reyna,1,w
Rhea,1,w
Riola,1,w
Ritag,1,w
Rocío,1,w
Rodaina,1,w
Rokaya,1,w
Romaisa,1,w
Romina,1,w
Nive,1,w
Nisanur,1,w
Erika-Stefania,1,w
Nisan,1,w
Mo,1,w
Modesta,1,w
Mohamed,1,w
Moncheri,1,w
Mongia,1,w
Monikova,1,w
Monique,1,w
Mouna,1,w
Munja,1,w
Na-Fayossé,1,w
Nada,1,w
Nadine,1,w
Nadya,1,w
Naeema,1,w
Nafeh,1,w
Nafula,1,w
Nahal,1,w
Nahla,1,w
Naiara,1,w
Naime,1,w
Naira,1,w
Miya,1,w
Mislina,1,w
Misk,1,w
Milina,1,w
Merí,1,w
Meyra,1,w
Meyssa,1,w
Mia-Ana,1,w
Mia-Ewa,1,w
Mia-Joline,1,w
Michaela,1,w
Miley,1,w
Mili,1,w
Milla,1,w
Mirxan,1,w
Milli,1,w
Milou,1,w
Milène,1,w
Minel,1,w
Minel-Ayliz,1,w
Miradie,1,w
Miriam-Fernanda,1,w
Miriya,1,w
Mirna,1,w
Najah,1,w
Najla,1,w
Nala,1,w
Nhyira,1,w
Nejla,1,w
Nel,1,w
Nela,1,w
Nelé,1,w
Nesibe,1,w
Neve,1,w
Nevia,1,w
Neyla,1,w
Ngoc,1,w
Nichelle,1,w
Nefeli,1,w
Nidhi,1,w
Nieke,1,w
Nienke,1,w
Nihal,1,w
Nika,1,w
Nikita,1,w
Nikoleta,1,w
Nil,1,w
Nisa,1,w
Nehir,1,w
Neele,1,w
Nami,1,w
Nasli,1,w
Nancy,1,w
Nanti,1,w
Naomi-Gesica,1,w
Naomi-Osarugue,1,w
Nardin,1,w
Narin,1,w
Narine,1,w
Narmo,1,w
Nas,1,w
Nastasija,1,w
Neela,1,w
Natalie,1,w
Nathalie,1,w
Nattiya,1,w
Nawal,1,w
Naza,1,w
Nazli,1,w
Nazlı-Rabia,1,w
Nea,1,w
Nedzlan,1,w
Sainuja,1,w
Saiy,1,w
Sakine,1,w
Sali,1,w
Tyana,1,w
Tyra,1,w
Túanh,1,w
Ulijana,1,w
Umrah,1,w
Ursula,1,w
Urtina,1,w
Valeska,1,w
Vasiliki,1,w
Vaskova,1,w
Vera,1,w
Victor,1,w
Victory,1,w
Vida,1,w
Viola,1,w
Viona,1,w
Viviana,1,w
Vivienne,1,w
Wafa,1,w
Walaa,1,w
Walburga,1,w
Tuula,1,w
Tuqa,1,w
Tulia,1,w
Tayra,1,w
Talia-Dua,1,w
Talin,1,w
Talisha,1,w
Talya,1,w
Tamani,1,w
Tamy,1,w
Tanja,1,w
Tara,1,w
Tasnime,1,w
Tenin,1,w
Tuana,1,w
Teodora,1,w
Theda,1,w
Therese,1,w
Thuy,1,w
Thérèse,1,w
Tiabella,1,w
Tiana,1,w
Tijda,1,w
Tima,1,w
Wang,1,w
Wanru,1,w
Warwara,1,w
Zola,1,w
Zaynab,1,w
Zehra,1,w
Zelda-Sofie,1,w
Zena,1,w
Zhiting,1,w
Zineb,1,w
Zoe-Lucia,1,w
Zoey-Amelia,1,w
Zoi,1,w
Zulay,1,w
Zaira-Thalia,1,w
Zulejha,1,w
Zumrut,1,w
Zuna,1,w
Zübeyde,1,w
Änne,1,w
Öykü,1,w
Şah,1,w
Şenay,1,w
Şura,1,w
Zarina,1,w
Yvaine,1,w
Weini,1,w
Yamina,1,w
Wendy,1,w
Werin,1,w
Wiktoria,1,w
Winnie,1,w
Xamanta,1,w
Xenia,1,w
Xin,1,w
Yaa,1,w
Yade,1,w
Yas,1,w
Yva,1,w
Yağmur,1,w
Yelda,1,w
Yelena,1,w
Yeliz,1,w
Yomna,1,w
Yousra,1,w
Yuma,1,w
Yuna,1,w
Yuxuan,1,w
Taisia,1,w
Sÿlvia,1,w
Syntia,1,w
Serwaa,1,w
Schams,1,w
Seford,1,w
Seher,1,w
Selda,1,w
Selmin,1,w
Semanur,1,w
Sena,1,w
Senta,1,w
Seo,1,w
Sesili,1,w
Saïda,1,w
Sevginar,1,w
Sevim,1,w
Sewdije,1,w
Shadea,1,w
Shaima,1,w
Shalina,1,w
Sham,1,w
Shan,1,w
Sherine,1,w
Schahrazad,1,w
Sayomi,1,w
Sia,1,w
Samyra,1,w
Salime,1,w
Salmina,1,w
Salome,1,w
Salomé,1,w
Salsabil,1,w
Sama,1,w
Samah,1,w
Samanta,1,w
Samaria,1,w
Sana,1,w
Sayen,1,w
Sanaa,1,w
Sanja,1,w
Santhya,1,w
Sarafina,1,w
Saray,1,w
Sarina,1,w
Sarya,1,w
Sass,1,w
Sawdah,1,w
Sheyla,1,w
Sibelle,1,w
Sylvia,1,w
Sue,1,w
Sophy,1,w
Sora,1,w
Souad,1,w
Souhaila,1,w
Stefania,1,w
Stephanie,1,w
Stina,1,w
Su,1,w
Subira,1,w
Sujud,1,w
Sophia-Luna,1,w
Sulimovna,1,w
Sumaja,1,w
Sumeja,1,w
Summer,1,w
Sunny,1,w
Sunshine,1,w
Suri,1,w
Susann,1,w
Sydney,1,w
Sophia-Soraya,1,w
Sonje,1,w
Sibylle,1,w
Sira,1,w
Siena,1,w
Sienna,1,w
Sifa,1,w
Siham,1,w
Siiri-Marie,1,w
Simone,1,w
Simran,1,w
Sinduja,1,w
Sinja,1,w
Sirin,1,w
Sonja,1,w
Siyana,1,w
Skylar,1,w
Slavica,1,w
Sloane,1,w
Sofiya,1,w
Sofiyah,1,w
Soha,1,w
Sol,1,w
Song,1,w
Merida,1,w
Meriam,1,w
Menka,1,w
Katja,1,w
Irén,1,w
İslim,1,w
Isrâ,1,w
Ivana,1,w
Ivona,1,w
Jaisa-Medissa,1,w
Jaiyana,1,w
Jalila,1,w
Jamie,1,w
Janina,1,w
Janine,1,w
Jannah,1,w
Jannika,1,w
Jaqueline-Andrea,1,w
Jasotha,1,w
Jelka,1,w
Jennate,1,w
Jennifer,1,w
Jette,1,w
Jetti,1,w
Jian,1,w
Irmgard,1,w
Irina,1,w
Iptissam,1,w
İlkim,1,w
Hümeyra,1,w
Ibe,1,w
Ifekemi,1,w
Ifeoma,1,w
Ifigenia,1,w
Ifunanyachi,1,w
Igbale,1,w
Ikra,1,w
Ileanne,1,w
Ilva,1,w
Iosefina,1,w
Ilvy,1,w
Imade,1,w
Imke,1,w
Inaam,1,w
Inessa,1,w
Inga,1,w
Inola,1,w
Ioana,1,w
Ionela,1,w
Jihan,1,w
Jil,1,w
Jiline,1,w
Kalinda,1,w
June,1,w
Juni,1,w
Justina,1,w
Justus,1,w
Juwayria,1,w
Kabura,1,w
Kaily,1,w
Kaitlin,1,w
Kaitlyn,1,w
Kalotta,1,w
Juliette,1,w
Kamila,1,w
Kamsiyochukwu,1,w
Kani,1,w
Kaona,1,w
Kaoutar,1,w
Kareena,1,w
Karolin,1,w
Katerina,1,w
Kathy,1,w
Junah,1,w
Julie-Arya,1,w
Jingwen,1,w
Jolina,1,w
Joan,1,w
Joana,1,w
Joann,1,w
Joanna,1,w
Jodie,1,w
Jola,1,w
Jolia,1,w
Jolin,1,w
Jolin-Manuela,1,w
Jolina-Bea,1,w
Judith,1,w
Jolyn,1,w
Jordana,1,w
Josefin,1,w
Josslyn,1,w
Joulie,1,w
Joumana,1,w
Jouri,1,w
Jovie,1,w
Judi,1,w
Hülya,1,w
Hâle,1,w
Hyuna,1,w
Francesca,1,w
Feyza,1,w
Filippa,1,w
Filomena,1,w
Finn,1,w
Fiona-Sophie,1,w
Florence,1,w
Florine,1,w
Flurish,1,w
Fosuaa,1,w
Fritzi,1,w
Feora,1,w
Gantta,1,w
Gaydarbekovna,1,w
Geneviève,1,w
Georgina,1,w
Gerti,1,w
Gertrud,1,w
Ghada,1,w
Ghazale,1,w
Giana,1,w
Fernanda,1,w
Felizia,1,w
Gloria,1,w
Evin,1,w
Ernella,1,w
Eruhun,1,w
Erva,1,w
Erzsébet,1,w
Esme,1,w
Etiosa,1,w
Evangelina,1,w
Evanthia,1,w
Evelyn,1,w
Evita,1,w
Felina,1,w
Ezdanûr,1,w
Ezmira,1,w
Fabiana,1,w
Fairuz,1,w
Faithlynn,1,w
Fatema,1,w
Fatıma,1,w
Fatme,1,w
Favour,1,w
Gjanie,1,w
Glory,1,w
Hounaida,1,w
Hevin,1,w
Hasti,1,w
Hayden,1,w
Hayriye,1,w
Heidi,1,w
Helena-Lucrezia,1,w
Hend,1,w
Henrike,1,w
Hesham,1,w
Heva,1,w
Hewi,1,w
Hasime,1,w
Hiam,1,w
Hibo,1,w
Hien,1,w
Hila,1,w
Hima,1,w
Hind,1,w
Hivda,1,w
Honey,1,w
Hope,1,w
Hasna,1,w
Harriet,1,w
Godsgift,1,w
Hadija,1,w
Gouri,1,w
Gudrun,1,w
Guiliana-Milana,1,w
Guliana,1,w
Gül,1,w
Gülsüm,1,w
Hacer,1,w
Hadia,1,w
Hadice,1,w
Hafsa,1,w
Harmony,1,w
Haifaa,1,w
Hailey-Jade,1,w
Haji,1,w
Hale,1,w
Hamida,1,w
Hanasa,1,w
Hanin,1,w
Hannah-Liana,1,w
Hannah-Marie,1,w
Katia,1,w
Kaussar,1,w
Melodie,1,w
Kauthar,1,w
Lėja,1,w
Macikena,1,w
Madelaine,1,w
Madita-Sophie,1,w
Madleine,1,w
Madlin,1,w
Madonova,1,w
Maeva,1,w
Magalie,1,w
Magdalene,1,w
Mahaa,1,w
Maike,1,w
Maimona,1,w
Maj-Kristel,1,w
Makuate,1,w
Malea,1,w
Mali,1,w
Malien,1,w
Malika,1,w
Malina,1,w
Malou,1,w
Lyn,1,w
Lyann,1,w
Lyane,1,w
Luca-Marie,1,w
Lordina,1,w
Lore,1,w
Loreley,1,w
Lou,1,w
Louann,1,w
Louisiana,1,w
Lourdes,1,w
Loya,1,w
Luana-Jolie,1,w
Luciana,1,w
Lyan,1,w
Lucija,1,w
Lucille,1,w
Lucía,1,w
Lumi,1,w
Lumina,1,w
Luna-Marie,1,w
Luniva,1,w
Luz,1,w
Luzie,1,w
Malí,1,w
Mandy,1,w
Manel,1,w
Mayasa,1,w
Maryna,1,w
Marzena,1,w
Massa,1,w
Matilde,1,w
Mavie,1,w
Mavis,1,w
Maxine,1,w
Maya-Catharina,1,w
Mayar,1,w
Mayleen,1,w
Maryam-Nour,1,w
Mayssam,1,w
Mechtild,1,w
Medina-Anissa,1,w
Melanie,1,w
Melia,1,w
Meliha,1,w
Melike,1,w
Melinda,1,w
Melitta,1,w
Marylene,1,w
Martina,1,w
Manella,1,w
Marilia,1,w
Manissa,1,w
Marah,1,w
Maren,1,w
Mari,1,w
Marianne,1,w
Marie-Charlyn,1,w
Marie-Jolie,1,w
Marielle,1,w
Marietta,1,w
Marilyn,1,w
Marthe,1,w
Marinela-Giorgiana,1,w
Marisol,1,w
Marissa,1,w
Marit,1,w
Marla,1,w
Marleny,1,w
Marley-Julina,1,w
Marlina,1,w
Marlén,1,w
Lordes,1,w
Lora-Nour,1,w
London,1,w
Larin,1,w
Laidy,1,w
Laila,1,w
Lale,1,w
Lama,1,w
Lamia,1,w
Lamija,1,w
Lamis,1,w
Lan,1,w
Lani,1,w
Larisa,1,w
Lady,1,w
Larisah,1,w
Lauren,1,w
Aaliyah-Nour,1,w
Lavina,1,w
Lavinia,1,w
Layal,1,w
Layla,1,w
Leatitia,1,w
Lediona,1,w
Lahna,1,w
Kubi,1,w
Leisa,1,w
Khalid,1,w
Kauther,1,w
Kawsar,1,w
Kaya,1,w
Kaylah,1,w
Kaymet,1,w
Kei,1,w
Kesiah,1,w
Keziban,1,w
Khadija,1,w
Khetam,1,w
Kristine,1,w
Kiana,1,w
Kimberley,1,w
Kimberly,1,w
Kiran,1,w
Kiu,1,w
Kobire,1,w
Konstantinova,1,w
Krasimirova,1,w
Kristina,1,w
Leen,1,w
Lemar,1,w
Loloo,1,w
Linna,1,w
Lilly-Malou,1,w
Lily,1,w
Limor,1,w
Lin,1,w
Lina-Aurelia,1,w
Linaz,1,w
Linea,1,w
Ling,1,w
Linn,1,w
Linnéa,1,w
Lillian,1,w
Lira,1,w
Lisa-Marie,1,w
Lisanne,1,w
Liv-Tilda,1,w
Livana,1,w
Liwa,1,w
Liyan,1,w
Loa,1,w
Lojain,1,w
Lillien,1,w
Lilla,1,w
Lene,1,w
Leya,1,w
Leni-Marie,1,w
Lenie,1,w
Lenja,1,w
Lentje,1,w
Leokadia,1,w
Leonarda,1,w
Leonor,1,w
Leora,1,w
Leoresa,1,w
Lia-Marie,1,w
Lilien,1,w
Lian,1,w
Lianna,1,w
Lianne,1,w
Lida,1,w
Lieselotta,1,w
Lieselotte,1,w
Lile,1,w
Lili,1,w
Liliane,1,w
Abdelmula,1,w
Şahin,1,m
Aalia,1,w
Farzad,1,m
Finnian,1,m
Finnegan,1,m
Finn-Louis,1,m
Finley,1,m
Finlay,1,m
Filou,1,m
Fernando,1,m
Feres,1,m
Felias,1,m
Fehmi,1,m
Fazli,1,m
Favour,1,m
Fatih,1,m
Farzam,1,m
Farsat,1,m
Fırat,1,m
Farooq,1,m
Faraon,1,m
Fahri,1,m
Fahed,1,m
Fabio,1,m
Faber,1,m
Ezechiel,1,m
Eyden,1,m
Eyas,1,m
Eyad,1,m
Ewan,1,m
Ewald,1,m
Evgeny,1,m
Evangelos,1,m
Finnlay,1,m
Florens,1,m
Eshtref,1,m
Galinov,1,m
Giovanni,1,m
Gideon,1,m
Gianni,1,m
Gian,1,m
Ghuman,1,m
Ghiocel,1,m
Ghedeon,1,m
Gerwin,1,m
Gerrit,1,m
Geronimo,1,m
Georgios,1,m
Georgi,1,m
Gennaro,1,m
Gareth,1,m
Galev,1,m
Florin,1,m
Gabriel-Élie,1,m
Gaber,1,m
Furkan,1,m
Friedemann,1,m
Fried,1,m
Fridolin,1,m
Fredrik,1,m
Freddy,1,m
Freddie,1,m
Fraser,1,m
Franziskus,1,m
Frank,1,m
Franco,1,m
Fouad,1,m
Ethan,1,m
Erwin,1,m
Din,1,m
Eding,1,m
Eldar,1,m
Eklil,1,m
Ekin,1,m
Eike,1,m
Egzon,1,m
Egemen,1,m
Efraim,1,m
Efe,1,m
Edyen,1,m
Eduardo,1,m
Edris,1,m
Edmund,1,m
Edison,1,m
Edis,1,m
Désiré,1,m
Elia,1,m
Dzhavetov,1,m
Dwayne,1,m
Dušan,1,m
Duy,1,m
Dustin,1,m
Dumitru-Marian,1,m
Dorian,1,m
Donell,1,m
Dominique,1,m
Dominion,1,m
Dominick,1,m
Dominic-Mihai,1,m
Domantas,1,m
Djibril,1,m
Elhadj,1,m
Eliano,1,m
Ertuğrul,1,m
Emirhan,1,m
Ernesto,1,m
Ergim,1,m
Eralp,1,m
Ephraim,1,m
Enver,1,m
Enrik,1,m
Enno,1,m
Enka,1,m
Emrullah,1,m
Emrettin,1,m
Emre,1,m
Emran,1,m
Emrahov,1,m
Emrah,1,m
Emir-Alperen,1,m
Eliass,1,m
Emiliano,1,m
Emerick,1,m
Emanuel-Radu,1,m
Elyan,1,m
Elson,1,m
Elon,1,m
Elmedin,1,m
Eliya,1,m
Elisov,1,m
Elisei,1,m
Elijon,1,m
Elija,1,m
Elie,1,m
Eliazar,1,m
Gitano,1,m
Godwin,1,m
Gold,1,m
Jarik,1,m
Jesuwe,1,m
Jesus,1,m
Jerome,1,m
Jerico,1,m
Jeremy-Jabulani,1,m
Jeremijah,1,m
Jeremija,1,m
Jeremias,1,m
Jenan,1,m
Jemil,1,m
Jayson,1,m
Jaydon-Fynn,1,m
Jawed,1,m
Jaspar,1,m
Jaob,1,m
Jiorgos,1,m
Janosch,1,m
Janos,1,m
Jamiro,1,m
Jamie-Dean,1,m
Jaman,1,m
Jalal,1,m
Jakub,1,m
Jaden,1,m
Jacques,1,m
Jackson,1,m
Jaceon,1,m
Jabari,1,m
Izaan,1,m
Iyas,1,m
Jibril,1,m
Jirayu,1,m
Gorgeous,1,m
Julien,1,m
Karel,1,m
Kaiden,1,m
Kagan,1,m
Jürgen,1,m
Jéróme-Jabari,1,m
János,1,m
Juvan,1,m
Juri,1,m
Junsu,1,m
Junis,1,m
Junior,1,m
Junho,1,m
Junes,1,m
Jun,1,m
Joy,1,m
Jiyan,1,m
Jovan,1,m
Josuf,1,m
Joshua-Castiel,1,m
Joscha,1,m
Jorin,1,m
Jorik,1,m
Jorge,1,m
Jordan,1,m
Jonatan,1,m
Jonael,1,m
John-Lucas,1,m
Johan-Süleyman,1,m
Joan,1,m
Joa,1,m
Iyad,1,m
Iwinosa,1,m
Ivo,1,m
Hamilton,1,m
Hedi,1,m
Hector,1,m
Hazar,1,m
Hayder,1,m
Havand,1,m
Hasret-Can,1,m
Hashem,1,m
Hasan-Harun,1,m
Harvey,1,m
Hartwig,1,m
Hardam,1,m
Harald,1,m
Hans-Jürgen,1,m
Han,1,m
Halil,1,m
Iven,1,m
Halid,1,m
Haktan,1,m
Haissam,1,m
Hae,1,m
Hadi,1,m
Haci,1,m
Habiba,1,m
Habib,1,m
Günter,1,m
Gurur,1,m
Gurnoor,1,m
Guillio,1,m
Grigorios,1,m
Gottfried,1,m
Heinz,1,m
Hekmat,1,m
Herwig,1,m
Hischam,1,m
István,1,m
İsmail,1,m
Islam,1,m
Ishak,1,m
Isak,1,m
Isaac,1,m
Iosif-Simon,1,m
Iosif,1,m
Iosia-Daniel,1,m
Ioan,1,m
Imer,1,m
Iman,1,m
İlyas,1,m
Iljano,1,m
Ilja,1,m
Ilijas,1,m
Iliev,1,m
Ilia,1,m
Ilgaz,1,m
Ileas,1,m
Ilay-Hakim,1,m
Ilay,1,m
Ilai,1,m
Iacob,1,m
Huzeyfe,1,m
Hui,1,m
Hosam,1,m
Horik,1,m
Hoang,1,m
Dinail,1,m
Dijon,1,m
Karlo,1,m
Angelinov,1,m
Ariel,1,m
Ari,1,m
Ardian,1,m
Arbey,1,m
Arasch,1,m
Antonio-Mādālin,1,m
Antakusuma,1,m
Anselm,1,m
Anouar,1,m
Anis,1,m
Anir,1,m
Anh,1,m
Angelov,1,m
Angelos,1,m
Anes,1,m
Arijan,1,m
Andrew,1,m
Andres,1,m
Andrej,1,m
Andre,1,m
Ananias,1,m
Anakin,1,m
Amine,1,m
Amiel,1,m
Amiaz,1,m
Amaro,1,m
Amadeusz,1,m
Amadeus,1,m
Alyowieren,1,m
Alvin,1,m
Aries,1,m
Arin,1,m
Alton,1,m
Aslan,1,m
Austin,1,m
Auron,1,m
Aurelio,1,m
August,1,m
Augin,1,m
Ather,1,m
Atesh,1,m
Atanasov,1,m
Atakan,1,m
Atajanowiç,1,m
Ata,1,m
Asyaov,1,m
Asterion,1,m
Asmet,1,m
Ashaf,1,m
Aris,1,m
Asenov,1,m
Aseda,1,m
Asal,1,m
Asaf,1,m
Aryan,1,m
Arwin,1,m
Art,1,m
Arsam,1,m
Arsalan,1,m
Arno,1,m
Armin,1,m
Armando,1,m
Arlon,1,m
Arjen,1,m
Alvaro,1,m
Alper,1,m
Dieuphène,1,m
Abid,1,m
Adrijan,1,m
Adriel,1,m
Adomako,1,m
Adijan,1,m
Adib,1,m
Aderinto,1,m
Adel,1,m
Adedayo,1,m
Achraf,1,m
Achilles,1,m
Abuhamza,1,m
Abu,1,m
Abraham,1,m
Abideen,1,m
Abel,1,m
Agustin,1,m
Abdulrahman,1,m
Abdullatif,1,m
Abdulhadi,1,m
Abdulghani,1,m
Abdel-Kadir,1,m
Abdel,1,m
Abdallah,1,m
Abdal,1,m
Abd,1,m
Abbas,1,m
Abanob,1,m
Aarón,1,m
Aarav,1,m
Aahir,1,m
Aggelos,1,m
Ahil,1,m
Alpaslan,1,m
Alexandros,1,m
Alparslan,1,m
Alp,1,m
Alon,1,m
Alois,1,m
Almahdi,1,m
Alioune,1,m
Alind,1,m
Alim,1,m
Alfred,1,m
Alfons,1,m
Alfarooq,1,m
Alexis,1,m
Alexej,1,m
Alexandru,1,m
Alexandr,1,m
Aiden,1,m
Alexander-Maximus,1,m
Alex-Qingyuan,1,m
Aleksandr,1,m
Aleksandar,1,m
Alehandro,1,m
Aldarmunkh,1,m
Alberto,1,m
Albert,1,m
Akın,1,m
Akim,1,m
Akil,1,m
Akib,1,m
Ajan,1,m
Aisosa,1,m
Avi,1,m
Aviel,1,m
Aviraj,1,m
Christof,1,m
Cristiano,1,m
Cristi,1,m
Cosmo,1,m
Cosimo,1,m
Corvin,1,m
Cornelius,1,m
Conor,1,m
Connor,1,m
Clayton,1,m
Ciwan,1,m
Ciprian,1,m
Cihan,1,m
Christos,1,m
Christophoros,1,m
Chinaedum,1,m
Cudi,1,m
Chika,1,m
Chibuzor,1,m
Chibuike,1,m
Chibueze,1,m
Chekdar,1,m
Charly-Marvin,1,m
Charlie,1,m
Charel,1,m
Charbel,1,m
Charalampos,1,m
Changyuan,1,m
Changhao,1,m
Chakir,1,m
Cezary,1,m
Cuba,1,m
Cédric,1,m
Avraam,1,m
Davud,1,m
Dieter,1,m
Didschento,1,m
Dian,1,m
Devran,1,m
Dev,1,m
Destiny,1,m
Destan,1,m
Denzio,1,m
Deli,1,m
Del,1,m
Defabachew,1,m
Dede,1,m
Daymian,1,m
Dawit,1,m
Davie,1,m
Cătălin,1,m
Dave,1,m
Dassn,1,m
Darius-Ionut,1,m
Dario,1,m
Darinov,1,m
Dardan,1,m
Daoud,1,m
Dano,1,m
Daniel-Devid,1,m
Danial,1,m
Damir,1,m
Damion,1,m
Damien,1,m
Dalibor,1,m
Cezar-Florin,1,m
Cevat,1,m
Cedrik,1,m
Bakr,1,m
Beniamin,1,m
Bela,1,m
Bekirhan,1,m
Beki,1,m
Bayad,1,m
Batu,1,m
Bastian,1,m
Bassam,1,m
Barono,1,m
Barnabas,1,m
Baran,1,m
Barak,1,m
Balthasar,1,m
Balian,1,m
Bahoz,1,m
Cedric,1,m
Bahattin,1,m
Azlan,1,m
Azis,1,m
Azedin,1,m
Azaan,1,m
Ayomikun,1,m
Ayman,1,m
Ayham,1,m
Ayed,1,m
Ayden,1,m
Ayaz,1,m
Awesta,1,m
Awes,1,m
Avyukt,1,m
Benik,1,m
Benji,1,m
Benny,1,m
Beran,1,m
Caspar,1,m
Caslav,1,m
Casey,1,m
Carsten,1,m
Carlson,1,m
Campino,1,m
Camill,1,m
Caius,1,m
Bünyamin,1,m
Béla,1,m
Buğra,1,m
Brian,1,m
Brandon,1,m
Bram,1,m
Bradyn,1,m
Bradley,1,m
Bozok,1,m
Bozan,1,m
Bo,1,m
Björn,1,m
Bjaerne,1,m
Bijan,1,m
Bećir,1,m
Beytullah,1,m
Besian,1,m
Bernie,1,m
Bernhard,1,m
Bernd,1,m
Bernard,1,m
Karl-Heinz,1,m
Kartal,1,m
Şemsi,1,m
Santiago,1,m
Serwan,1,m
Serhat,1,m
Sergio,1,m
Sergej,1,m
Senad,1,m
Semujel,1,m
Semih,1,m
Seiffedin,1,m
Sefa,1,m
Sean,1,m
Savio,1,m
Savaş,1,m
Sashwin,1,m
Sascha,1,m
Sandro,1,m
Seyfedin,1,m
Sander,1,m
Samy,1,m
Samu,1,m
Samer,1,m
Samba,1,m
Salvo,1,m
Salah-Eddine,1,m
Saki,1,m
Sakariya,1,m
Sajjad,1,m
Safwan,1,m
Sabri,1,m
Rüzgar,1,m
Rémy,1,m
Seyedmorteza,1,m
Shaban,1,m
Ryan,1,m
Sokrates,1,m
Supurichi,1,m
Sung,1,m
Sukri,1,m
Suheyl,1,m
Sueka,1,m
Subhan,1,m
Stewart,1,m
Steven,1,m
Stephen,1,m
Stephan,1,m
Steliyanov,1,m
Stavros,1,m
Stanev,1,m
Spartanu-Auras,1,m
Soham,1,m
Shaikh,1,m
Sobhi,1,m
Slim,1,m
Siwan,1,m
Sirak,1,m
Sinan,1,m
Silaz,1,m
Siem,1,m
Siegfried,1,m
Sidney,1,m
Sidar,1,m
Siar,1,m
Shyar,1,m
Shpend,1,m
Shaker,1,m
Ryszard,1,m
Rune,1,m
Phileas,1,m
Raffael,1,m
Rassin,1,m
Rashid,1,m
Raschid,1,m
Raoul,1,m
Rani,1,m
Randy,1,m
Ramim,1,m
Ramazan,1,m
Rakshan,1,m
Raik,1,m
Raid,1,m
Rahman,1,m
Rafik,1,m
Rafid,1,m
Rafał,1,m
Ray,1,m
Rael,1,m
Rae,1,m
Radu,1,m
Radoslavov,1,m
Radi,1,m
Rachid,1,m
Qutaiba,1,m
Quinn,1,m
Qasim,1,m
Pritheek,1,m
Prah,1,m
Plamenov,1,m
Phu,1,m
Philippe,1,m
Ravi,1,m
Raycho,1,m
Rufus,1,m
Rittal,1,m
Rudolf,1,m
Rubin,1,m
Ruben,1,m
Ruan,1,m
Roylan,1,m
Rouven,1,m
Rostam,1,m
Ron,1,m
Roméo,1,m
Romir,1,m
Roland,1,m
Rohat,1,m
Rodion,1,m
Rocky,1,m
Ridvan,1,m
Recep,1,m
Rico,1,m
Rick,1,m
Rezvan,1,m
Reyhan,1,m
Reoan,1,m
Rene,1,m
Renas,1,m
Remo,1,m
Rejjan,1,m
Reiner,1,m
Reha,1,m
Regan,1,m
Redzep,1,m
Redur,1,m
Sven,1,m
Syouta,1,m
Sören,1,m
Yanzhen,1,m
Yosue,1,m
Yosbel,1,m
Yong-Chang,1,m
Yitian-Luca,1,m
Yılmaz,1,m
Yekta,1,m
Yehia,1,m
Yeboah,1,m
Yazan,1,m
Yasser,1,m
Yassen,1,m
Yassar,1,m
Yasin-Uras,1,m
Yaser,1,m
Yansh,1,m
Yousuf,1,m
Yannis,1,m
Yannik,1,m
Yanitsev,1,m
Yanis,1,m
Yanbo,1,m
Yamssi,1,m
Yaman,1,m
Yad,1,m
Xiaolong,1,m
Wolfgang,1,m
Wolf-Wilhelm,1,m
Wlad,1,m
Winuar,1,m
Wim,1,m
Younis,1,m
Yunis,1,m
Taavi,1,m
Ziad,1,m
Łukasz,1,m
Đức,1,m
Üveys,1,m
Étienne,1,m
Çağtay,1,m
Çağlar,1,m
Ádám,1,m
Zouheir,1,m
Zlatan,1,m
Ziyad,1,m
Ziqing,1,m
Zinedin,1,m
Zifan,1,m
Zidane,1,m
Zhihao,1,m
Yunus,1,m
Zeyd,1,m
Zenar,1,m
Zelnija,1,m
Zeljko,1,m
Zekeriya,1,m
Zein,1,m
Zayn-Habib,1,m
Zana,1,m
Zakariya,1,m
Zakaria,1,m
Zain,1,m
Yusuf-Emre,1,m
Yusef,1,m
Yuri,1,m
Wilson,1,m
Wilfried,1,m
Wessam,1,m
Thordin,1,m
Tomke,1,m
Tomasz,1,m
Tomass,1,m
Tolgacan,1,m
Tolga,1,m
Toby,1,m
Tjark,1,m
Titus,1,m
Tilo,1,m
Tiberius,1,m
Tiako,1,m
Thuan,1,m
Thorin,1,m
Thorian,1,m
Thorben,1,m
Wesley,1,m
Thadeus,1,m
Teodor,1,m
Teo,1,m
Taym,1,m
Tarique,1,m
Tarik,1,m
Taner,1,m
Tan,1,m
Tamylo,1,m
Tamo,1,m
Tamme-Christoph,1,m
Tamer,1,m
Talha-Elyas,1,m
Talal,1,m
Tommi,1,m
Tony,1,m
Toufik,1,m
Tuncay,1,m
Wesam,1,m
Watan,1,m
Wais,1,m
Wahid,1,m
Wahab,1,m
Vitus,1,m
Viraaj,1,m
Vinzenz,1,m
Vinzent,1,m
Vincenz,1,m
Vin,1,m
Vilson,1,m
Vikash,1,m
Victor,1,m
Vico,1,m
Veneţianu,1,m
Veit,1,m
Vasilis,1,m
Valentino,1,m
Uwe,1,m
Ulrich,1,m
Ul,1,m
Ugur,1,m
Tyson,1,m
Tyrone,1,m
Tyron,1,m
Tuğra,1,m
Turki,1,m
Tuncher,1,m
Philippas,1,m
Payton,1,m
Kaspar,1,m
Lyen,1,m
Marcell,1,m
Marcelino,1,m
Manga,1,m
Manfred,1,m
Mamadou,1,m
Maliq,1,m
Maksym,1,m
Mailo-Alexander,1,m
Mahir,1,m
Mahdi,1,m
Mael,1,m
Mado,1,m
Maciek,1,m
Léon,1,m
Luke-Joel,1,m
Marco,1,m
Luka-Nick,1,m
Luka-Matej,1,m
Luka-Joel,1,m
Luk,1,m
Luis-Noel,1,m
Ludger,1,m
Lucien,1,m
Luciano,1,m
Lucian,1,m
Lucas-Jonatan,1,m
Luca-Stanko,1,m
Luca-Jerome,1,m
Luc,1,m
Lowan,1,m
Marcelo,1,m
Marian,1,m
Louie,1,m
Matej,1,m
Maysam,1,m
Mayar,1,m
Maximus,1,m
Matze,1,m
Matti,1,m
Matthew,1,m
Matin,1,m
Matija,1,m
Mathieu,1,m
Mathias,1,m
Matheo,1,m
Mateusz,1,m
Mateo,1,m
Maten,1,m
Matei,1,m
Marijan,1,m
Masoud,1,m
Marwen,1,m
Marwan,1,m
Marvin,1,m
Martinez,1,m
Marten,1,m
Marselino,1,m
Marsel,1,m
Marlo,1,m
Marlin,1,m
Marko,1,m
Marius,1,m
Marinus,1,m
Marino,1,m
Lovan,1,m
Louan,1,m
Pavlos,1,m
Kobi,1,m
Kyle-Finn,1,m
Kwesi,1,m
Kwamena,1,m
Kwabena,1,m
Kuzey,1,m
Kurt,1,m
Kuno,1,m
Krystian,1,m
Kristóf,1,m
Kristof,1,m
Krishiv,1,m
Kosti-David,1,m
Koray,1,m
Konstantinos,1,m
Kjell,1,m
Lais,1,m
Kirwin,1,m
Kipkoech,1,m
King,1,m
Kimi,1,m
Kiarash,1,m
Khan,1,m
Keylan,1,m
Keykubad-Atilla,1,m
Kerwin,1,m
Kenzo,1,m
Kendal,1,m
Kelechi,1,m
Kayhan,1,m
Kaviansh,1,m
Laif-Ayden,1,m
Laith,1,m
Lorenzo,1,m
Leonas,1,m
Lorenz,1,m
Lorent,1,m
Loran,1,m
Loc,1,m
Liêm,1,m
Lirian,1,m
Lionel-Laith,1,m
Lias-Noel,1,m
Lewon,1,m
Lewin,1,m
Levon,1,m
Leron,1,m
Leroe,1,m
Leonis,1,m
Leomarc,1,m
Landogar,1,m
Lemmy,1,m
Lejan,1,m
Leif,1,m
Ledian,1,m
Leart,1,m
Leano,1,m
Lean,1,m
Lawrence,1,m
Lavand,1,m
Lauritz,1,m
Lauri,1,m
Laurențiu,1,m
Laurens,1,m
Lauen,1,m
Mayson,1,m
Mazin,1,m
Maël,1,m
Nikiforos,1,m
Nuka,1,m
Nouredine,1,m
Nosakhare,1,m
Norioghene,1,m
Norbert,1,m
Noie,1,m
Noah-Joel,1,m
Nkem,1,m
Niyazi,1,m
Nivon,1,m
Nikolaus,1,m
Nikolaj,1,m
Nikola,1,m
Niko,1,m
Nik,1,m
Numan,1,m
Nielsson,1,m
Niel,1,m
Nicolay,1,m
Nicolaj,1,m
Nickolas,1,m
Nevio,1,m
Nevin,1,m
Neven,1,m
Nero-Finn,1,m
Nermin,1,m
Nepomuk,1,m
Nemer,1,m
Nelson,1,m
Nelio,1,m
Numaan,1,m
Obada,1,m
Medzid,1,m
Oualid,1,m
Pavle,1,m
Patrik-Cosmin,1,m
Patrice,1,m
Parid,1,m
Paras,1,m
Papa,1,m
Paolo,1,m
Paco,1,m
Paciencia,1,m
Pablo,1,m
Oğuzhan,1,m
Owen,1,m
Oumar,1,m
Ouassim,1,m
Otto,1,m
Obeng,1,m
Oseata-Osele,1,m
Osas,1,m
Osarumwense,1,m
Osamudiame,1,m
Orkun,1,m
Opoku,1,m
Onyu,1,m
Omran,1,m
Omari,1,m
Olan,1,m
oglu,1,m
Odosa,1,m
Obiora,1,m
Obinna,1,m
Negan,1,m
Nawid,1,m
Nathanael,1,m
Miguel,1,m
Mirza,1,m
Mirko-Ivan,1,m
Miracle,1,m
Mirac,1,m
Mio,1,m
Milow,1,m
Milosz,1,m
Milon,1,m
Milio,1,m
Milaim,1,m
Miklas,1,m
Mikko,1,m
Mikel,1,m
Mikael,1,m
Migel,1,m
Natan,1,m
Micheé,1,m
Micheal,1,m
Mian,1,m
Mhamed,1,m
Mex,1,m
Metehan,1,m
Mete,1,m
Meriton,1,m
Merdan,1,m
Meraj,1,m
Melih,1,m
Mehrdad,1,m
Mehdin,1,m
Mefail,1,m
Misha,1,m
Moayad,1,m
Moha,1,m
Mohammadreza,1,m
Nasser,1,m
Nana,1,m
Nam,1,m
Nalu,1,m
Najim,1,m
Najeeb,1,m
Naim,1,m
Nafh,1,m
Nafez,1,m
Nael,1,m
Nabih,1,m
Nabas,1,m
Mîrhat,1,m
Máté,1,m
Mylo-Syrus,1,m
Musab,1,m
Mus'ab,1,m
Murat,1,m
Murad,1,m
Munir,1,m
Mukhammed,1,m
Muhsin,1,m
Muharrem,1,m
Muftah,1,m
Muawiya,1,m
Mouhanad,1,m
Mongi,1,m
Mones,1,m
Moise-Loris,1,m
Šejla,1,w
